strategy,activity,domain,trial,precision,recall,f1,tp,fp,fn
baseline,identification,car_rental,1,0.23837209302325582,0.6307692307692307,0.3459915611814346,41,131,24
baseline,classification,car_rental,1,0.358974358974359,0.21212121212121213,0.26666666666666666,14,25,52
baseline,identification,car_rental,2,0.3448275862068966,0.46153846153846156,0.39473684210526316,30,57,35
baseline,classification,car_rental,2,0.176,0.3333333333333333,0.23036649214659685,22,103,44
baseline,identification,car_rental,3,0.25,0.015384615384615385,0.028985507246376812,1,3,64
baseline,classification,car_rental,3,0.14457831325301204,0.18181818181818182,0.16107382550335572,12,71,54
baseline,identification,car_rental,4,0.25675675675675674,0.2923076923076923,0.2733812949640288,19,55,46
baseline,classification,car_rental,4,0.11290322580645161,0.10606060606060606,0.109375,7,55,59
baseline,identification,car_rental,5,0.4025974025974026,0.47692307692307695,0.4366197183098592,31,46,34
baseline,classification,car_rental,5,0.1935483870967742,0.18181818181818182,0.18750000000000003,12,50,54
baseline,identification,car_rental,6,0.29577464788732394,0.6461538461538462,0.4057971014492754,42,100,23
baseline,classification,car_rental,6,0.1411764705882353,0.18181818181818182,0.15894039735099338,12,73,54
baseline,identification,car_rental,7,0.421875,0.4153846153846154,0.4186046511627907,27,37,38
baseline,classification,car_rental,7,0.25396825396825395,0.24242424242424243,0.24806201550387597,16,47,50
baseline,identification,car_rental,8,0.22105263157894736,0.6461538461538462,0.3294117647058823,42,148,23
baseline,classification,car_rental,8,0.38235294117647056,0.19696969696969696,0.25999999999999995,13,21,53
baseline,identification,car_rental,9,0.3089430894308943,0.5846153846153846,0.4042553191489362,38,85,27
baseline,classification,car_rental,9,0.1511627906976744,0.19696969696969696,0.17105263157894737,13,73,53
baseline,identification,car_rental,10,0.52,0.4,0.45217391304347826,26,24,39
baseline,classification,car_rental,10,0.1791044776119403,0.18181818181818182,0.18045112781954883,12,55,54
baseline,identification,library,1,0.4444444444444444,0.07142857142857142,0.12307692307692308,4,5,52
baseline,classification,library,1,0.35135135135135137,0.48148148148148145,0.40625,13,24,14
baseline,identification,library,2,0.6666666666666666,0.6428571428571429,0.6545454545454545,36,18,20
baseline,classification,library,2,0.36585365853658536,0.5555555555555556,0.4411764705882353,15,26,12
baseline,identification,library,3,0.5892857142857143,0.5892857142857143,0.5892857142857143,33,23,23
baseline,classification,library,3,0.2413793103448276,0.5185185185185185,0.32941176470588235,14,44,13
baseline,identification,library,4,0.6491228070175439,0.6607142857142857,0.6548672566371682,37,20,19
baseline,classification,library,4,0.32432432432432434,0.4444444444444444,0.375,12,25,15
baseline,identification,library,5,0.6530612244897959,0.5714285714285714,0.6095238095238094,32,17,24
baseline,classification,library,5,0.325,0.48148148148148145,0.3880597014925373,13,27,14
baseline,identification,library,6,0.6530612244897959,0.5714285714285714,0.6095238095238094,32,17,24
baseline,classification,library,6,0.3235294117647059,0.4074074074074074,0.36065573770491804,11,23,16
baseline,identification,library,7,0.6545454545454545,0.6428571428571429,0.6486486486486486,36,19,20
baseline,classification,library,7,0.40625,0.48148148148148145,0.4406779661016949,13,19,14
baseline,identification,library,8,0.6065573770491803,0.6607142857142857,0.6324786324786325,37,24,19
baseline,classification,library,8,0.2727272727272727,0.4444444444444444,0.3380281690140845,12,32,15
baseline,identification,library,9,0.5909090909090909,0.4642857142857143,0.52,26,18,30
baseline,classification,library,9,0.4583333333333333,0.4074074074074074,0.4313725490196078,11,13,16
baseline,identification,library,10,0.5333333333333333,0.5714285714285714,0.5517241379310344,32,28,24
baseline,classification,library,10,0.3023255813953488,0.48148148148148145,0.37142857142857144,13,30,14
baseline,identification,ntss,1,0.5797101449275363,0.46511627906976744,0.5161290322580645,40,29,46
baseline,classification,ntss,1,0.21311475409836064,0.22033898305084745,0.21666666666666665,13,48,46
baseline,identification,ntss,2,0.3333333333333333,0.03488372093023256,0.06315789473684211,3,6,83
baseline,classification,ntss,2,0.19047619047619047,0.4067796610169492,0.2594594594594595,24,102,35
baseline,identification,ntss,3,0.5344827586206896,0.7209302325581395,0.6138613861386139,62,54,24
baseline,classification,ntss,3,0.296875,0.3220338983050847,0.30894308943089427,19,45,40
baseline,identification,ntss,4,0.64,0.5581395348837209,0.5962732919254659,48,27,38
baseline,classification,ntss,4,0.3148148148148148,0.288135593220339,0.3008849557522124,17,37,42
baseline,identification,ntss,5,0.5252525252525253,0.6046511627906976,0.5621621621621622,52,47,34
baseline,classification,ntss,5,0.3380281690140845,0.4067796610169492,0.36923076923076925,24,47,35
baseline,identification,ntss,6,0.5833333333333334,0.5697674418604651,0.5764705882352942,49,35,37
baseline,classification,ntss,6,0.4897959183673469,0.4067796610169492,0.4444444444444445,24,25,35
baseline,identification,ntss,7,0.6125,0.5697674418604651,0.5903614457831327,49,31,37
baseline,classification,ntss,7,0.2345679012345679,0.3220338983050847,0.2714285714285714,19,62,40
baseline,identification,ntss,8,0.6710526315789473,0.5930232558139535,0.6296296296296297,51,25,35
baseline,classification,ntss,8,0.2833333333333333,0.288135593220339,0.2857142857142857,17,43,42
baseline,identification,ntss,9,0.5263157894736842,0.6976744186046512,0.6,60,54,26
baseline,classification,ntss,9,0.375,0.4576271186440678,0.41221374045801523,27,45,32
baseline,identification,ntss,10,0.6440677966101694,0.4418604651162791,0.5241379310344827,38,21,48
baseline,classification,ntss,10,0.24193548387096775,0.2542372881355932,0.24793388429752067,15,47,44
cot,identification,car_rental,1,0.2980769230769231,0.47692307692307695,0.3668639053254438,31,73,34
cot,classification,car_rental,1,0.2328767123287671,0.25757575757575757,0.24460431654676257,17,56,49
cot,identification,car_rental,2,0.4117647058823529,0.4307692307692308,0.4210526315789474,28,40,37
cot,classification,car_rental,2,0.20634920634920634,0.19696969696969696,0.20155038759689922,13,50,53
cot,identification,car_rental,3,0.3707865168539326,0.5076923076923077,0.42857142857142855,33,56,32
cot,classification,car_rental,3,0.18055555555555555,0.19696969696969696,0.18840579710144928,13,59,53
cot,identification,car_rental,4,0.25806451612903225,0.49230769230769234,0.3386243386243386,32,92,33
cot,classification,car_rental,4,0.15730337078651685,0.21212121212121213,0.1806451612903226,14,75,52
cot,identification,car_rental,5,0.3333333333333333,0.38461538461538464,0.3571428571428571,25,50,40
cot,classification,car_rental,5,0.26785714285714285,0.22727272727272727,0.24590163934426232,15,41,51
cot,identification,car_rental,6,0.2818181818181818,0.47692307692307695,0.3542857142857143,31,79,34
cot,classification,car_rental,6,0.21621621621621623,0.24242424242424243,0.22857142857142856,16,58,50
cot,identification,car_rental,7,0.32051282051282054,0.38461538461538464,0.3496503496503497,25,53,40
cot,classification,car_rental,7,0.2028985507246377,0.21212121212121213,0.2074074074074074,14,55,52
cot,identification,car_rental,8,0.25252525252525254,0.38461538461538464,0.3048780487804878,25,74,40
cot,classification,car_rental,8,0.24193548387096775,0.22727272727272727,0.23437499999999997,15,47,51
cot,identification,car_rental,9,0.2230769230769231,0.4461538461538462,0.29743589743589743,29,101,36
cot,classification,car_rental,9,0.13636363636363635,0.22727272727272727,0.17045454545454544,15,95,51
cot,identification,car_rental,10,0.28421052631578947,0.4153846153846154,0.3375,27,68,38
cot,classification,car_rental,10,0.1746031746031746,0.16666666666666666,0.17054263565891473,11,52,55
cot,identification,library,1,0.7027027027027027,0.4642857142857143,0.5591397849462365,26,11,30
cot,classification,library,1,0.4117647058823529,0.5185185185185185,0.45901639344262296,14,20,13
cot,identification,library,2,0.7,0.5,0.5833333333333334,28,12,28
cot,classification,library,2,0.3333333333333333,0.4444444444444444,0.380952380952381,12,24,15
cot,identification,library,3,0.7297297297297297,0.48214285714285715,0.5806451612903226,27,10,29
cot,classification,library,3,0.375,0.4444444444444444,0.4067796610169491,12,20,15
cot,identification,library,4,0.6956521739130435,0.5714285714285714,0.6274509803921569,32,14,24
cot,classification,library,4,0.2727272727272727,0.4444444444444444,0.3380281690140845,12,32,15
cot,identification,library,5,0.8048780487804879,0.5892857142857143,0.6804123711340206,33,8,23
cot,classification,library,5,0.18421052631578946,0.25925925925925924,0.2153846153846154,7,31,20
cot,identification,library,6,0.7222222222222222,0.4642857142857143,0.5652173913043479,26,10,30
cot,classification,library,6,0.4482758620689655,0.48148148148148145,0.4642857142857143,13,16,14
cot,identification,library,7,0.7647058823529411,0.4642857142857143,0.5777777777777777,26,8,30
cot,classification,library,7,0.40625,0.48148148148148145,0.4406779661016949,13,19,14
cot,identification,library,8,0.6444444444444445,0.5178571428571429,0.5742574257425743,29,16,27
cot,classification,library,8,0.17777777777777778,0.2962962962962963,0.2222222222222222,8,37,19
cot,identification,library,9,0.7058823529411765,0.6428571428571429,0.6728971962616823,36,15,20
cot,classification,library,9,0.13725490196078433,0.25925925925925924,0.1794871794871795,7,44,20
cot,identification,library,10,0.7,0.5,0.5833333333333334,28,12,28
cot,classification,library,10,0.3333333333333333,0.4444444444444444,0.380952380952381,12,24,15
cot,identification,ntss,1,0.8059701492537313,0.627906976744186,0.7058823529411764,54,13,32
cot,classification,ntss,1,0.4222222222222222,0.3220338983050847,0.36538461538461536,19,26,40
cot,identification,ntss,2,0.8059701492537313,0.627906976744186,0.7058823529411764,54,13,32
cot,classification,ntss,2,0.2833333333333333,0.288135593220339,0.2857142857142857,17,43,42
cot,identification,ntss,3,0.7761194029850746,0.6046511627906976,0.6797385620915033,52,15,34
cot,classification,ntss,3,0.26666666666666666,0.2711864406779661,0.2689075630252101,16,44,43
cot,identification,ntss,4,0.7530864197530864,0.7093023255813954,0.7305389221556886,61,20,25
cot,classification,ntss,4,0.24675324675324675,0.3220338983050847,0.2794117647058823,19,58,40
cot,identification,ntss,5,0.8095238095238095,0.5930232558139535,0.6845637583892619,51,12,35
cot,classification,ntss,5,0.3333333333333333,0.3220338983050847,0.3275862068965517,19,38,40
cot,identification,ntss,6,0.7777777777777778,0.4883720930232558,0.6000000000000001,42,12,44
cot,classification,ntss,6,0.35294117647058826,0.4067796610169492,0.3779527559055118,24,44,35
cot,identification,ntss,7,0.8428571428571429,0.686046511627907,0.7564102564102564,59,11,27
cot,classification,ntss,7,0.23809523809523808,0.2542372881355932,0.2459016393442623,15,48,44
cot,identification,ntss,8,0.8235294117647058,0.6511627906976745,0.7272727272727273,56,12,30
cot,classification,ntss,8,0.3888888888888889,0.3559322033898305,0.37168141592920356,21,33,38
cot,identification,ntss,9,0.8382352941176471,0.6627906976744186,0.7402597402597402,57,11,29
cot,classification,ntss,9,0.3125,0.3389830508474576,0.3252032520325203,20,44,39
cot,identification,ntss,10,0.8620689655172413,0.5813953488372093,0.6944444444444445,50,8,36
cot,classification,ntss,10,0.3620689655172414,0.3559322033898305,0.358974358974359,21,37,38
meta,identification,car_rental,1,0.336734693877551,0.5076923076923077,0.40490797546012264,33,65,32
meta,classification,car_rental,1,0.189873417721519,0.22727272727272727,0.2068965517241379,15,64,51
meta,identification,car_rental,2,0.3333333333333333,0.4153846153846154,0.36986301369863017,27,54,38
meta,classification,car_rental,2,0.24761904761904763,0.3939393939393939,0.30409356725146197,26,79,40
meta,identification,car_rental,3,0.35555555555555557,0.49230769230769234,0.4129032258064516,32,58,33
meta,classification,car_rental,3,0.16901408450704225,0.18181818181818182,0.1751824817518248,12,59,54
meta,identification,car_rental,4,0.4,0.49230769230769234,0.44137931034482764,32,48,33
meta,classification,car_rental,4,0.208955223880597,0.21212121212121213,0.2105263157894737,14,53,52
meta,identification,car_rental,5,0.2872340425531915,0.4153846153846154,0.33962264150943405,27,67,38
meta,classification,car_rental,5,0.125,0.16666666666666666,0.14285714285714288,11,77,55
meta,identification,car_rental,6,0.3225806451612903,0.46153846153846156,0.379746835443038,30,63,35
meta,classification,car_rental,6,0.18181818181818182,0.21212121212121213,0.1958041958041958,14,63,52
meta,identification,car_rental,7,0.37681159420289856,0.4,0.3880597014925373,26,43,39
meta,classification,car_rental,7,0.23214285714285715,0.19696969696969696,0.21311475409836064,13,43,53
meta,identification,car_rental,8,0.40350877192982454,0.35384615384615387,0.3770491803278689,23,34,42
meta,classification,car_rental,8,0.25,0.21212121212121213,0.22950819672131145,14,42,52
meta,identification,car_rental,9,0.43283582089552236,0.4461538461538462,0.4393939393939394,29,38,36
meta,classification,car_rental,9,0.27941176470588236,0.2878787878787879,0.2835820895522388,19,49,47
meta,identification,car_rental,10,0.3103448275862069,0.4153846153846154,0.35526315789473684,27,60,38
meta,classification,car_rental,10,0.2125,0.25757575757575757,0.2328767123287671,17,63,49
meta,identification,library,1,0.7450980392156863,0.6785714285714286,0.7102803738317757,38,13,18
meta,classification,library,1,0.28,0.5185185185185185,0.36363636363636365,14,36,13
meta,identification,library,2,0.8,0.5714285714285714,0.6666666666666666,32,8,24
meta,classification,library,2,0.23076923076923078,0.3333333333333333,0.27272727272727276,9,30,18
meta,identification,library,3,0.6808510638297872,0.5714285714285714,0.6213592233009708,32,15,24
meta,classification,library,3,0.0,0.0,0.0,0,0,27
meta,identification,library,4,0.813953488372093,0.625,0.7070707070707071,35,8,21
meta,classification,library,4,0.358974358974359,0.5185185185185185,0.42424242424242425,14,25,13
meta,identification,library,5,0.7380952380952381,0.5535714285714286,0.6326530612244898,31,11,25
meta,classification,library,5,0.25,0.4074074074074074,0.30985915492957744,11,33,16
meta,identification,library,6,0.75,0.6428571428571429,0.6923076923076924,36,12,20
meta,classification,library,6,0.20930232558139536,0.3333333333333333,0.2571428571428572,9,34,18
meta,identification,library,7,0.8,0.5714285714285714,0.6666666666666666,32,8,24
meta,classification,library,7,0.2631578947368421,0.37037037037037035,0.30769230769230765,10,28,17
meta,identification,library,8,0.6595744680851063,0.5535714285714286,0.6019417475728156,31,16,25
meta,classification,library,8,0.18,0.3333333333333333,0.23376623376623376,9,41,18
meta,identification,library,9,0.7142857142857143,0.625,0.6666666666666666,35,14,21
meta,classification,library,9,0.3888888888888889,0.5185185185185185,0.4444444444444444,14,22,13
meta,identification,library,10,0.7608695652173914,0.625,0.6862745098039216,35,11,21
meta,classification,library,10,0.2826086956521739,0.48148148148148145,0.3561643835616438,13,33,14
meta,identification,ntss,1,0.7941176470588235,0.627906976744186,0.7012987012987012,54,14,32
meta,classification,ntss,1,0.3116883116883117,0.4067796610169492,0.3529411764705882,24,53,35
meta,identification,ntss,2,0.84,0.7325581395348837,0.7826086956521738,63,12,23
meta,classification,ntss,2,0.25396825396825395,0.2711864406779661,0.26229508196721313,16,47,43
meta,identification,ntss,3,0.7605633802816901,0.627906976744186,0.6878980891719745,54,17,32
meta,classification,ntss,3,0.2112676056338028,0.2542372881355932,0.23076923076923075,15,56,44
meta,identification,ntss,4,0.7910447761194029,0.6162790697674418,0.6928104575163397,53,14,33
meta,classification,ntss,4,0.31746031746031744,0.3389830508474576,0.32786885245901637,20,43,39
meta,identification,ntss,5,0.8360655737704918,0.5930232558139535,0.6938775510204083,51,10,35
meta,classification,ntss,5,0.3717948717948718,0.4915254237288136,0.4233576642335766,29,49,30
meta,identification,ntss,6,0.8125,0.6046511627906976,0.6933333333333334,52,12,34
meta,classification,ntss,6,0.3375,0.4576271186440678,0.38848920863309355,27,53,32
meta,identification,ntss,7,0.8656716417910447,0.6744186046511628,0.7581699346405228,58,9,28
meta,classification,ntss,7,0.375,0.4067796610169492,0.3902439024390244,24,40,35
meta,identification,ntss,8,0.8571428571428571,0.5581395348837209,0.676056338028169,48,8,38
meta,classification,ntss,8,0.4090909090909091,0.3050847457627119,0.34951456310679613,18,26,41
meta,identification,ntss,9,0.8309859154929577,0.686046511627907,0.751592356687898,59,12,27
meta,classification,ntss,9,0.28169014084507044,0.3389830508474576,0.30769230769230765,20,51,39
meta,identification,ntss,10,0.859375,0.6395348837209303,0.7333333333333334,55,9,31
meta,classification,ntss,10,0.3076923076923077,0.3389830508474576,0.3225806451612903,20,45,39
few_shot,identification,car_rental,1,0.2625,0.3230769230769231,0.2896551724137931,21,59,44
few_shot,classification,car_rental,1,0.0,0.0,0.0,0,0,66
few_shot,identification,car_rental,2,0.3611111111111111,0.4,0.3795620437956205,26,46,39
few_shot,classification,car_rental,2,0.0,0.0,0.0,0,0,66
few_shot,identification,car_rental,3,0.46153846153846156,0.36923076923076925,0.4102564102564103,24,28,41
few_shot,classification,car_rental,3,0.23529411764705882,0.18181818181818182,0.20512820512820512,12,39,54
few_shot,identification,car_rental,4,0.3888888888888889,0.5384615384615384,0.45161290322580644,35,55,30
few_shot,classification,car_rental,4,0.0,0.0,0.0,0,0,66
few_shot,identification,car_rental,5,0.273972602739726,0.3076923076923077,0.2898550724637681,20,53,45
few_shot,classification,car_rental,5,0.0,0.0,0.0,0,0,66
few_shot,identification,car_rental,6,0.47619047619047616,0.3076923076923077,0.3738317757009346,20,22,45
few_shot,classification,car_rental,6,0.23255813953488372,0.15151515151515152,0.18348623853211007,10,33,56
few_shot,identification,car_rental,7,0.4492753623188406,0.47692307692307695,0.4626865671641791,31,38,34
few_shot,classification,car_rental,7,0.23529411764705882,0.24242424242424243,0.23880597014925375,16,52,50
few_shot,identification,car_rental,8,0.358974358974359,0.4307692307692308,0.39160839160839156,28,50,37
few_shot,classification,car_rental,8,0.0,0.0,0.0,0,0,66
few_shot,identification,car_rental,9,0.48214285714285715,0.4153846153846154,0.4462809917355372,27,29,38
few_shot,classification,car_rental,9,0.21052631578947367,0.18181818181818182,0.1951219512195122,12,45,54
few_shot,identification,car_rental,10,0.3287671232876712,0.36923076923076925,0.34782608695652173,24,49,41
few_shot,classification,car_rental,10,0.19718309859154928,0.21212121212121213,0.20437956204379562,14,57,52
few_shot,identification,library,1,0.7111111111111111,0.5714285714285714,0.6336633663366337,32,13,24
few_shot,classification,library,1,0.5,0.5185185185185185,0.509090909090909,14,14,13
few_shot,identification,library,2,0.825,0.5892857142857143,0.6875000000000001,33,7,23
few_shot,classification,library,2,0.30952380952380953,0.48148148148148145,0.37681159420289856,13,29,14
few_shot,identification,library,3,0.7674418604651163,0.5892857142857143,0.6666666666666666,33,10,23
few_shot,classification,library,3,0.2926829268292683,0.4444444444444444,0.3529411764705882,12,29,15
few_shot,identification,library,4,0.725,0.5178571428571429,0.6041666666666666,29,11,27
few_shot,classification,library,4,0.0,0.0,0.0,0,0,27
few_shot,identification,library,5,0.7441860465116279,0.5714285714285714,0.6464646464646464,32,11,24
few_shot,classification,library,5,0.275,0.4074074074074074,0.32835820895522394,11,29,16
few_shot,identification,library,6,0.6470588235294118,0.5892857142857143,0.6168224299065421,33,18,23
few_shot,classification,library,6,0.0,0.0,0.0,0,0,27
few_shot,identification,library,7,0.717948717948718,0.5,0.5894736842105263,28,11,28
few_shot,classification,library,7,0.38235294117647056,0.48148148148148145,0.4262295081967213,13,21,14
few_shot,identification,library,8,0.7804878048780488,0.5714285714285714,0.6597938144329897,32,9,24
few_shot,classification,library,8,0.32432432432432434,0.4444444444444444,0.375,12,25,15
few_shot,identification,library,9,0.7368421052631579,0.5,0.5957446808510638,28,10,28
few_shot,classification,library,9,0.38235294117647056,0.48148148148148145,0.4262295081967213,13,21,14
few_shot,identification,library,10,0.75,0.5357142857142857,0.6250000000000001,30,10,26
few_shot,classification,library,10,0.21621621621621623,0.2962962962962963,0.25,8,29,19
few_shot,identification,ntss,1,0.8793103448275862,0.5930232558139535,0.7083333333333334,51,7,35
few_shot,classification,ntss,1,0.3389830508474576,0.3389830508474576,0.3389830508474576,20,39,39
few_shot,identification,ntss,2,0.9016393442622951,0.6395348837209303,0.7482993197278911,55,6,31
few_shot,classification,ntss,2,0.40350877192982454,0.3898305084745763,0.39655172413793105,23,34,36
few_shot,identification,ntss,3,0.8307692307692308,0.627906976744186,0.7152317880794703,54,11,32
few_shot,classification,ntss,3,0.0,0.0,0.0,0,0,59
few_shot,identification,ntss,4,0.8983050847457628,0.6162790697674418,0.7310344827586208,53,6,33
few_shot,classification,ntss,4,0.0,0.0,0.0,0,0,59
few_shot,identification,ntss,5,0.8245614035087719,0.5465116279069767,0.6573426573426573,47,10,39
few_shot,classification,ntss,5,0.3888888888888889,0.3559322033898305,0.37168141592920356,21,33,38
few_shot,identification,ntss,6,0.8813559322033898,0.6046511627906976,0.7172413793103448,52,7,34
few_shot,classification,ntss,6,0.36666666666666664,0.3728813559322034,0.3697478991596639,22,38,37
few_shot,identification,ntss,7,0.8596491228070176,0.5697674418604651,0.6853146853146853,49,8,37
few_shot,classification,ntss,7,0.37037037037037035,0.3389830508474576,0.3539823008849557,20,34,39
few_shot,identification,ntss,8,0.8947368421052632,0.5930232558139535,0.7132867132867133,51,6,35
few_shot,classification,ntss,8,0.38461538461538464,0.3389830508474576,0.3603603603603604,20,32,39
few_shot,identification,ntss,9,0.8793103448275862,0.5930232558139535,0.7083333333333334,51,7,35
few_shot,classification,ntss,9,0.2711864406779661,0.2711864406779661,0.2711864406779661,16,43,43
few_shot,identification,ntss,10,0.8727272727272727,0.5581395348837209,0.6808510638297872,48,7,38
few_shot,classification,ntss,10,0.35714285714285715,0.3389830508474576,0.34782608695652173,20,36,39
